{
  "project_info": {
    "project_number": "594969461365",
    "firebase_url": "https://decamp-54379-default-rtdb.firebaseio.com",
    "project_id": "decamp-54379",
    "storage_bucket": "decamp-54379.appspot.com"
  },
  "client": [
    {
      "client_info": {
        "mobilesdk_app_id": "1:594969461365:android:47b9ad6e54c1647fc26e3c",
        "android_client_info": {
          "package_name": "com.example.kcet"
        }
      },
      "oauth_client": [
        {
          "client_id": "594969461365-k2fdmr66bacfsskp07qjs3s09sp525lf.apps.googleusercontent.com",
          "client_type": 3
        }
      ],
      "api_key": [
        {
          "current_key": "AIzaSyBXVJCkEGO3PghaXHqo97JhgquP3ty8_Kc"
        }
      ],
      "services": {
        "appinvite_service": {
          "other_platform_oauth_client": [
            {
              "client_id": "594969461365-k2fdmr66bacfsskp07qjs3s09sp525lf.apps.googleusercontent.com",
              "client_type": 3
            }
          ]
        }
      }
    }
  ],
  "configuration_version": "1"
}